chunk_size,beta,gamma,runtime_sec_mean,runtime_sec_std,memory_mean,memory_std,cost_sse_mean,cost_sse_std,quality_mean,quality_std,num_phases_mean,final_summary_size_mean,final_lower_bound_mean,avg_update_ms_mean,avg_update_ms_std,points_seen_mean,ari_mean,nmi_mean
4092,1.5,0.25,154.8469305000011,72.93640263813181,216362.66666666666,2018.8921054215232,34079.598199139786,1567.4007871507295,0.7578961468520681,0.0034658515786473733,12.0,2458.6666666666665,52.66300545379656,15.484693050000109,7.29364026381318,10000.0,0.6188612031733377,0.7578961468520681
4092,1.5,0.5,101.58160876666564,23.511015227078992,210144.0,1102.6368395804668,33172.23534499519,0.6704046500284007,0.7569370572429174,0.0005925439087108301,12.0,2388.0,52.66300545379656,10.158160876666564,2.3511015227079004,10000.0,0.6231946790248774,0.7569370572429174
4092,1.5,1.0,257.42383253333537,13.334573509770129,301106.6666666667,2930.9857272483173,33170.2506393574,0.5679764291648628,0.7570264944585192,0.0003346335480732186,11.0,3421.6666666666665,35.10867030253104,25.742383253333532,1.333457350977013,10000.0,0.6234690511136233,0.7570264944585192
4092,3.0,0.25,167.8466092000017,24.96507066059477,187821.33333333334,3759.704952962839,33173.6328419435,2.560186394877439,0.7572968569160995,0.0006769768347629063,6.0,2134.3333333333335,73.97382384730818,16.784660920000167,2.4965070660594777,10000.0,0.6238375695556365,0.7572968569160995
4092,3.0,0.5,141.40039239999896,26.119625348911125,428912.0,2080.5999134864924,33170.205505822756,1.46801584163719,0.757684755226078,0.0006311549442901148,5.0,4874.0,24.65794128243606,14.140039239999895,2.6119625348911133,10000.0,0.6247728940064011,0.757684755226078
4092,3.0,1.0,220.79033456666852,28.492786047995942,429909.3333333333,1806.323706685297,33170.94752344804,1.3977079302774509,0.7566221714930202,0.0006016004782189112,5.0,4885.333333333333,24.65794128243606,22.07903345666685,2.8492786047995935,10000.0,0.62244054387972,0.7566221714930202
4092,5.0,0.25,167.2484667333362,92.35415254314583,457248.0,2482.7855324211955,33172.84347789015,1.6984360875576363,0.7561915937374458,0.001391588041589254,4.0,5196.0,22.831427113366725,16.72484667333362,9.235415254314582,10000.0,0.6211391330641441,0.7561915937374458
4092,5.0,0.5,67.07352543333157,0.6337140165630872,457365.3333333333,2678.34376683302,33169.75531707512,1.8433669152307133,0.7564653902266097,0.0009940567197350317,4.0,5197.333333333333,22.831427113366725,6.707352543333157,0.063371401656309,10000.0,0.6224582196169322,0.7564653902266097
4092,5.0,1.0,72.8887569999982,0.9936726094127003,458597.3333333333,1881.9110853951902,33169.22572194982,1.7910248279821004,0.756549912231561,0.0007480504332670843,4.0,5211.333333333333,22.831427113366725,7.28887569999982,0.09936726094126995,10000.0,0.6224030105991583,0.756549912231561
